{"playbackSpeed":1,"brightValue":0.38999998569488528,"voiceValue":0.5799999833106995}